<?xml version="1.0" encoding="UTF-8" standalone="yes"?>
<addon id="repository.GTKing-Leia" name="[COLOR steelblue][B]Repo[/B][/COLOR] [COLOR azure][B]ANDTV[/B][/COLOR] [COLOR limegreen][B]LEIA[/B][/COLOR]" version="5.12.21" provider-name="ANDTV, DeTEBA">
    <extension point="xbmc.addon.repository" name="[COLOR steelblue][B]Repo[/B][/COLOR] [COLOR azure][B]ANDTV[/B][/COLOR] [COLOR limegreen][B]LEIA[/B][/COLOR]">
        <dir minversion="18.0" maxversion="18.9.0">
            <info>https://raw.githubusercontent.com/andtv/Repo-ANDTV/master/leia/zips/addons.xml</info>
            <checksum>https://raw.githubusercontent.com/andtv/Repo-ANDTV/master/leia/zips/addons.xml.md5</checksum>
            <datadir zip="true">https://raw.githubusercontent.com/andtv/Repo-ANDTV/master/leia/zips/</datadir>
        </dir>
        <dir minversion="18.9.0">
            <info compressed="false">https://raw.githubusercontent.com/andtv/Repo-ANDTV/master/matrix/zips/addons.xml</info>
            <checksum>https://raw.githubusercontent.com/andtv/Repo-ANDTV/master/matrix/zips/addons.xml.md5</checksum>
            <datadir zip="true">https://raw.githubusercontent.com/andtv/Repo-ANDTV/master/matrix/zips/</datadir>
        </dir>
        <dir minversion="18.9.0">
            <info>https://raw.githubusercontent.com/Palantiraddon/Repo/master/Palantir/addons.xml</info>
            <checksum>https://raw.githubusercontent.com/Palantiraddon/Repo/master/Palantir/addons.xml.md5</checksum>
            <datadir zip="true">https://raw.githubusercontent.com/Palantiraddon/repo/master/Palantir/</datadir>
        </dir>
    </extension>
    
    <extension point="xbmc.addon.metadata">
        <summary>[COLOR steelblue]Repo[/COLOR] [COLOR azure]ANDTV[/COLOR] [COLOR limegreen]LEIA[/COLOR]</summary>
        <description>Repositorio de addons [COLOR dodgerblue]ANDTV[/COLOR].
[COLOR gold]Developers:[/COLOR] JoseAnDeTEBA crea ANDTV</description> 		             
        <disclaimer>Éste repositorio sólo recoge Add-ons válidos para Kodi 18.x LEIA.</disclaimer>
        <platform>all</platform>
        <assets>
            <icon>icon.png</icon>
            <fanart>fanart.jpg</fanart>
        </assets>
		<source>https://github.com/gtkingbuild/Repo-GTKing/</source>
    </extension>
</addon>

