<?xml version="1.0" encoding="UTF-8"?>
<!-- Foundation -->
<window>
    <defaultcontrol always="true">11</defaultcontrol>

    <controls>

        <control type="group">
            <animation effect="slide" start="-668" end="0" time="150" tween="quadratic">Visible</animation>
            <animation effect="slide" start="-668" end="0" time="150" tween="quadratic">WindowOpen</animation>
            <animation effect="slide" end="-668" start="0" time="150" tween="quadratic">Hidden</animation>
            <animation effect="slide" end="-668" start="0" time="150" tween="quadratic">WindowClose</animation>
            <control type="group">
                <left>-1</left>
                <top>-1</top>
                <width>668</width>
                <height>1082</height>
                <control type="image">
                    <include condition="!Skin.HasSetting(DisableShadows)">Defs_Shadow_24</include>
                    <texture>common/gradient-solid.png</texture>
                </control>
                <control type="image">
                    <width>1</width>
                    <right>0</right>
                    <texture colordiffuse="PixelLines">common/white.png</texture>
                </control>
                <control type="image">
                    <width>1</width>
                    <right>-1</right>
                    <texture colordiffuse="darkline_separator">common/white.png</texture>
                </control>
            </control>
            <control type="image">
                <left>530</left>
                <top>-4</top>
                <width>128</width>
                <height>128</height>
                <texture>special://skin/extras/icons/livetv.png</texture>
                <colordiffuse>main_fg_100</colordiffuse>
            </control>
            <control type="label">
                <left>33</left>
                <top>10</top>
                <width>400</width>
                <align>left</align>
                <textcolor>main_fg_100</textcolor>
                <font>font_medium_bold</font>
                <height>66</height>
                <label>$INFO[VideoPlayer.ChannelGroup]</label>
            </control>
            <control type="label">
                <left>33</left>
                <top>43</top>
                <width>400</width>
                <align>left</align>
                <textcolor>main_fg_70</textcolor>
                <font>font_tiny_bold</font>
                <height>66</height>
                <label>$INFO[Container(11).NumItems,,  $LOCALIZE[19019]]</label>
            </control>



            <control type="fixedlist" id="11">
                <focusposition>1</focusposition>
                <movement>6</movement>
                <left>0</left>
                <top>120</top>
                <height>980</height>
                <width>667</width>
                <onleft>PreviousChannelGroup</onleft>
                <onright>NextChannelGroup</onright>
                <orientation>vertical</orientation>
                <itemlayout height="120" width="667">
                    <control type="image">
                        <width>667</width>
                        <height>109</height>
                        <texture>common/selected.png</texture>
                        <aspectratio aligny="top">center</aspectratio>
                        <animation effect="fade" start="100" end="15" condition="true">Conditional</animation>
                        <visible>ListItem.IsPlaying</visible>
                        <colordiffuse>main_fg_100</colordiffuse>
                    </control>
                    <control type="image">
                        <left>22</left>
                        <top>12</top>
                        <width>85</width>
                        <height>85</height>
                        <texture>$INFO[ListItem.Art(thumb)]</texture>
                        <aspectratio>keep</aspectratio>
                    </control>
<!--
                    <control type="label">
                        <left>561</left>
                        <height>66</height>
                        <top>5</top>
                        <width>70</width>
                        <align>left</align>
                        <textcolor>main_fg_70</textcolor>
                        <font>font_small_bold</font>
                        <label>$INFO[ListItem.ChannelNumberLabel]</label>
                        <selectedcolor>main_fg_70</selectedcolor>
                    </control>
-->    
                <control type="progress">
                        <left>561</left>
                        <top>30</top>
                        <width>67</width>
                        <height>19</height>
                        <reveal>true</reveal>
                        <texturebg>pvr/progress-back.png</texturebg>
                        <lefttexture>pvr/progress-leftright.png</lefttexture>
                        <midtexture colordiffuse="$VAR[ColorHighlight2]">pvr/progress-mid.png</midtexture>
                        <righttexture colordiffuse="$VAR[ColorHighlight2]">pvr/progress-leftright.png</righttexture>
                        <info>ListItem.Progress</info>
                        <colordiffuse>main_fg_70</colordiffuse>
                    </control>
                    <control type="label">
                        <left>130</left>
                        <top>5</top>
                        <width>400</width>
                        <height>66</height>
                        <align>left</align>
                        <textcolor>$VAR[ColorHighlight]</textcolor>
                        <font>font_small_bold</font>
                        <label>$INFO[ListItem.Title]</label>
                        <selectedcolor>main_fg_70</selectedcolor>
                    </control>
                    <control type="label">
                        <left>130</left>
                        <top>40</top>
                        <height>66</height>
                        <width>400</width>
                        <align>left</align>
                        <font>font_tiny</font>
                        <textcolor>main_fg_70</textcolor>
                        <label>$INFO[ListItem.ChannelName]</label>
                        <selectedcolor>main_fg_70</selectedcolor>
                    </control>
                </itemlayout>
                <focusedlayout height="120" width="667">
                    <control type="image">
                        <width>667</width>
                        <height>109</height>
                        <texture colordiffuse="$VAR[ColorHighlight]">common/white.png</texture>
                    </control>
                    <control type="image">
                        <width>667</width>
                        <height>109</height>
                        <texture>common/selected.png</texture>
                        <aspectratio aligny="top">center</aspectratio>
                        <animation effect="fade" start="100" end="30" condition="true">Conditional</animation>
                        <visible>ListItem.IsPlaying</visible>
                        <colordiffuse>Selected</colordiffuse>
                    </control>
                    <control type="image">
                        <left>22</left>
                        <top>12</top>
                        <width>85</width>
                        <height>85</height>
                        <texture>$INFO[ListItem.Art(thumb)]</texture>
                        <aspectratio>keep</aspectratio>
                    </control>
<!--
                    <control type="label">
                        <left>561</left>
                        <top>5</top>
                        <height>66</height>
                        <width>70</width>
                        <align>left</align>
                        <textcolor>Selected</textcolor>
                        <font>font_small_bold</font>
                        <label>$INFO[ListItem.ChannelNumberLabel]</label>
                        <selectedcolor>Selected</selectedcolor>
                    </control>
-->
                    <control type="progress">
                        <left>561</left>
                        <top>30</top>
                        <width>67</width>
                        <height>19</height>
                        <reveal>true</reveal>
                        <texturebg>pvr/progress-back.png</texturebg>
                        <lefttexture>pvr/progress-leftright.png</lefttexture>
                        <midtexture colordiffuse="$VAR[ColorHighlight2]">pvr/progress-mid.png</midtexture>
                        <righttexture colordiffuse="$VAR[ColorHighlight2]">pvr/progress-leftright.png</righttexture>
                        <info>ListItem.Progress</info>
                        <colordiffuse>Selected</colordiffuse>
                    </control>
                    <control type="label">
                        <left>130</left>
                        <top>5</top>
                        <height>66</height>
                        <width>400</width>
                        <align>left</align>
                        <textcolor>Selected</textcolor>
                        <font>font_small_bold</font>
                        <label>[B]$INFO[ListItem.Title][/B]</label>
			<shadowcolor>black</shadowcolor>
                        <selectedcolor>Selected</selectedcolor>
                    </control>
                    <control type="label">
                        <left>130</left>
                        <top>40</top>
                        <height>66</height>
                        <width>400</width>
                        <align>left</align>
                        <font>font_tiny</font>
                        <textcolor>Selected</textcolor>
                        <label>[B][COLOR=$VAR[ColorHighlight2]]$LOCALIZE[31746]: [/COLOR][/B]$INFO[ListItem.NextTitle]</label> <!-- Next -->
                        <selectedcolor>Selected</selectedcolor>
                    </control>
                </focusedlayout>

            </control>
        </control>
    </controls>

</window>
