{
  "id": "seriesflixvideo",
  "name": "SeriesFlixVideo",
  "thumbnail": "seriesflixvideo.png",

  "active": true,

  "searchable": true,
  "search_types": ["tvshow"],

  "categories": ["tvshow"],
  "language": ["cast", "lat", "vose"],

  "clusters": ["inestable", "notice", "years", "countries", "producers", "kids", "docs", "vos", "dorama", "anime"],

  "notes": "Series por Géneros, productora y paises. Puede requerir el uso de proxies en función del país/operadora desde el que se accede."
}
