{
  "id": "torrentdivx",
  "name": "TorrentDivx",
  "thumbnail": "torrentdivx.jpg",

  "active": false,

  "searchable": true,
  "search_types": ["all", "movie", "tvshow"],

  "categories": ["movie", "tvshow", "torrent"],
  "language": ["cast", "lat", "vose"],

  "clusters": ["temporary", "current", "years", "torrents", "news", "languages", "qualityes", "kids", "docs", "vos", "4k"],

  "notes": "Canal con enlaces Torrent exclusivamente. Películas por géneros, idioma, calidad y año. También Series. Puede requerir el uso de proxies en función del país/operadora desde el que se accede."
}
