{
  "id": "zoowomaniacos",
  "name": "Zoowomaniacos",
  "active": true,
  "adult": false,
  "force_unify": true,
  "language": ["lat", "cast"],
  "thumbnail": "https://zoowomaniacos.org/images/png-fondo-02-logo.png",
  "banner": "",
  "fanart": "",
  "categories": [
    "movie",
    "vos"
  ],
  "settings": [
    {
      "id": "filter_languages",
      "type": "list",
      "label": "Mostrar enlaces en idioma...",
      "default": 0,
      "enabled": true,
      "visible": true,
      "lvalues": [
        "No filtrar",
        "VO",
        "Lat",
        "Cast"
      ]
    }
  ]
}
