{
    "addon_version": "3.0.6",
    "files": {
        "channels": [
            "cinecalidad",
            "cinecalidadlol",
            "cinecalidadmx",
            "dilo",
            "ennovelas",
            "nextdede",
            "pelispluslat",
            "subtorrents",
            "yestorrent",
            "yts"
        ],
        "core": [
            "servertools"
        ],
        "modules": [
            "actions",
            "domains",
            "generos",
            "helper",
            "mainmenu",
            "search",
            "submnuctext",
            "tester"
        ],
        "resources": [
            "settings"
        ],
        "root dir": [
            "dominios",
            "version"
        ],
        "servers": [
            "gvideo",
            "okru",
            "streamsb"
        ]
    },
    "fix_version": 2,
    "hash": "8428b68bb89d91e14c4983382e53882a"
}