{
  "id": "rarbg",
  "name": "Rarbg",
  "active": true,
  "adult": false,
  "language": [],
  "thumbnail": "https://i.postimg.cc/QH6LWhP1/rarbg.png",
  "banner": "",
  "fanart": "",
  "categories": [
    "torrent",
    "movie",
    "tvshow",
    "vos"
  ],
  "settings": [
    {
      "default": false, 
      "enabled": true, 
      "id": "include_in_global_search", 
      "label": "Incluir en busqueda global", 
      "type": "bool", 
      "visible": true
    }, 
    {
      "default": true, 
      "enabled": true, 
      "id": "modo_grafico", 
      "label": "Buscar información extra (TMDB)", 
      "type": "bool", 
      "visible": true
    },
    {
      "id": "pseudo_titulos",
      "type": "bool",
      "label": "Desea ver Pseudo títulos de ayuda?",
      "default": true,
      "enabled": true,
      "visible": true
    },
    {
      "id": "auto_download_new",
      "type": "bool",
      "label": "Desea que se descarguen automáticamente los nuevos episodios de la Videoteca?",
      "default": false,
      "enabled": true,
      "visible": true
    },
    {
      "id": "auto_download_new_all",
      "type": "bool",
      "label": "Incluso si es una Temporada NUEVA?",
      "default": false,
      "enabled": true,
      "visible": true
    },
    {
      "id": "filter_languages",
      "type": "list",
      "label": "Mostrar enlaces en idioma...",
      "default": 0,
      "enabled": true,
      "visible": true,
      "lvalues": [
        "No filtrar",
        "CAST",
        "LAT",
        "VO",
        "VOS",
        "VOSE"
      ]
    },
    {
      "id": "timeout_downloadpage",
      "type": "list",
      "label": "Timeout (segs.) en descarga de páginas o verificación de servidores",
      "default": 5,
      "enabled": true,
      "visible": true,
      "lvalues": [
        "None",
        "1",
        "2",
        "3",
        "4",
        "5",
        "6",
        "7",
        "8",
        "9",
        "10"
      ]
    },
    {
      "id": "season_colapse",
      "type": "bool",
      "label": "Seleccionar si quiere colapsar las Temporadas de Series",
      "default": true,
      "enabled": true,
      "visible": true
    },
    {
      "id": "seleccionar_ult_temporadda_activa",
      "type": "bool",
      "label": "Seleccionar para Videoteca si estará activa solo la última Temporada",
      "default": true,
      "enabled": true,
      "visible": true
    }
  ]
}
