{
  "id": "pelisplay",
  "name": "PelisPlay",
  "active": true,
  "adult": false,
  "language": ["cast", "lat", "vose"],
  "thumbnail": "https://i.postimg.cc/JnSvcXc7/logo.png",
  "banner": "https://i.postimg.cc/tCb8wh8s/pelisplaybn.jpg",
  "fanart": "https://i.postimg.cc/qvFCZNKT/Alpha-652355392-large.jpg",
  "categories": [
    "movie",
    "tvshow",
    "vos"
  ],
  "settings": [
    {
      "id": "filter_languages",
      "type": "list",
      "label": "Mostrar enlaces en idioma...",
      "default": 0,
      "enabled": true,
      "visible": true,
      "lvalues": [
        "No filtrar",
        "Latino",
        "Castellano",
        "Subtitulado"
      ]
    },
     {
      "id": "include_in_global_search",
      "type": "bool",
      "label": "Incluir en busqueda global",
      "default": true,
      "enabled": true,
      "visible": true
    },
     {
      "id": "modo_grafico",
      "type": "bool",
      "label": "Buscar información extra",
      "default": true,
      "enabled": true,
      "visible": true
    },
    {
      "id": "perfil",
      "type": "list",
      "label": "Perfil de color",
      "default": 3,
      "enabled": true,
      "visible": true,
      "lvalues": [
        "Sin color",
        "Perfil 5",
        "Perfil 4",
        "Perfil 3",
        "Perfil 2",
        "Perfil 1"
      ]
    },
    {
      "id": "orden_episodios",
      "type": "bool",
      "label": "Mostrar los episodios de las series en orden descendente",
      "default": false,
      "enabled": true,
      "visible": true
    },
    {
      "id": "include_in_newest_peliculas",
      "type": "bool",
      "label": "Incluir en Novedades - Peliculas",
      "default": true,
      "enabled": true,
      "visible": true
    },
    {
      "id": "include_in_newest_infantiles",
      "type": "bool",
      "label": "Incluir en Novedades - Infantiles",
      "default": true,
      "enabled": true,
      "visible": true
    },
    {
      "id": "include_in_newest_terror",
      "type": "bool",
      "label": "Incluir en Novedades - terror",
      "default": true,
      "enabled": true,
      "visible": true
    }
  ]
}
